id,material_id,ori_title,creative_id_image,creative_id_brand,creative_id_price,creative_id_promotion,level_one_category_name,is_white_image
81809,,M1金绿猫眼z斯里兰卡天然彩宝18K金钻石镶嵌时尚戒指吊坠耳钉现货,https://img.alicdn.com/bao/uploaded/O1CN01xyVa9S1iZcJM6W53u_!!6000000004427-0-yinhe.jpg,燕煜珠宝,200.0,,珠宝/钻石/翡翠,1
1257365,89512,周大生黄金套链女款5G足金项链花丝蝴蝶吊坠锁骨链生日礼物送女友,https://img.alicdn.com/bao/uploaded/O1CN01mTwa6o1XP7bipEaCd_!!6000000002915-0-yinhe.jpg,Chow Tai Seng/周大生,3379.14,1件8.8折,黄金,1
1247854,89512,周生生Charme宝贝貔貅黄金转运珠足金串珠硬金92624C定价,https://img.alicdn.com/bao/uploaded/O1CN01QavvvJ1l5n99CzMz6_!!6000000004768-0-yinhe.jpg,周生生官方旗舰店,1416.0,1件8.5折,黄金,1
94004,,De Beers 戴比尔斯 Wide Court 18K玫瑰金戒指4mm,https://img.alicdn.com/bao/uploaded/O1CN0183cWY21yqaZ0dfwb3_!!6000000006630-0-yinhe.jpg,DE BEERS/戴比尔斯,8500.0,,珠宝/钻石/翡翠,1
1242234,89512,周大生黄金项链男款足金硬金无畏吊坠酷黑悟空项链送男友生日礼物,https://img.alicdn.com/bao/uploaded/O1CN01c0qSAK2940kNZhkSI_!!6000000008013-0-yinhe.jpg,Chow Tai Seng/周大生,3669.0,1件9折,黄金,1
1394108,89512,8-14mm戴妃王妃吊坠合集纯银强光天然淡水正圆珍珠气质国货之光,https://img.alicdn.com/bao/uploaded/O1CN01bGb9zS1NWm1d5CyxE_!!6000000001578-2-yinhe.png,梧桐家 诸暨珍珠严选(每日上新),159.0,,珠宝/钻石/翡翠,1
80490,,老庙足金黄金银杏叶金项链三生有幸系列婚嫁结婚三金婚庆礼物,https://img.alicdn.com/bao/uploaded/O1CN01IEY0xL1OaitHYyImD_!!6000000001722-0-yinhe.jpg,老庙,15563.0,官方9.5折,黄金,1
4300,89512,若华珠宝夏蝉 刻面红宝石耳环女18K金流苏耳饰彩宝耳钉礼物定制,https://img.alicdn.com/bao/uploaded/O1CN01OQGHZD1KTcSvZ1IPE_!!6000000001165-0-yinhe.jpg,若华（饰品）,1691.0,官方8.5折,珠宝/钻石/翡翠,1
94448,,【中国黄金】珍尚银纯银灵蛇红绳手链轻奢小众精致生日礼物送女友,https://img.alicdn.com/bao/uploaded/O1CN01b91Wz11XsQu4pJluO_!!6000000002979-0-yinhe.jpg,珍·尚银,134.3,下单立减23.7元,饰品/流行首饰/时尚饰品新,1
38340,89512,潮宏基倾玉足金和田玉手链莲蓬两世欢黄金平安扣吊坠挂坠礼物,https://img.alicdn.com/bao/uploaded/O1CN01sCU6lf1SohcO9E3cb_!!6000000002294-0-yinhe.jpg,CHJ/潮宏基,1795.62,1件5.8折,黄金,1
26317,110046,【政府补贴立减500】24期免息 vivo X200s 新品上市高端旗舰拍照大内存手机vivo x200 系列 x200Pro mini,https://img.alicdn.com/bao/uploaded/O1CN01PdCy401X7iX0loJyT_!!6000000002877-2-yinhe.png,vivo,4199.0,,手机,1
1547626,102394,GoPro13影石acepro2配件宠物背带第一人称视角拍摄固定支架狗狗猫咪视角相机配件运动相机胸前背部固定视角,https://img.alicdn.com/bao/uploaded/O1CN01n78UVp1tKT15ePH4w_!!6000000005883-2-yinhe.png,YOOCUANG,30.4,满10减2,3C数码配件,1
28714,110046,Asus/华硕RTX3060/4060/4060TI游戏8G/12G台式机电脑电竞独立显卡,https://img.alicdn.com/bao/uploaded/O1CN01UPv2uk1kA5M2RRGOf_!!6000000004642-0-yinhe.jpg,Asus/华硕,2449.0,满100减20,电脑硬件/显示器/电脑周边,1
62672,,【政府补贴至高15%】OPPO Reno12 超美小直屏天玑 8250 星速版旗舰芯片正品学生智能AI手机,https://img.alicdn.com/bao/uploaded/O1CN016qBFRi1jD0Ubw2vNz_!!6000000004513-0-yinhe.jpg,OPPO,1799.0,,手机,1
998,6,网线千兆家用超六6五5类连接线电脑路由器宽带线监控成品网络线扁,https://img.alicdn.com/bao/uploaded/O1CN01DFmlNE1LY1nKkAtKc_!!6000000001310-0-yinhe.jpg,迅远,2.47,,电子元器件市场,1
1234213,102394,适用 B&O Beosound A1 2nd Gen 二代无线蓝牙音箱桌面支架beoplay A1 三代音箱台面展示架收纳架托架摆件支架,https://img.alicdn.com/bao/uploaded/i2/2204103698619/O1CN01gROtLO2DXYVirVZb4_!!2-item_pic.png,比博欧,37.8,满38减2,3C数码配件,1
21876,"6,102,386",适用ipad钢化膜ipad11苹果air7/6/5保护10ipadpro9平板2025新款mini7护眼2024ar11寸九4/3第十代8全屏2022贴,https://img.alicdn.com/bao/uploaded/O1CN01JanbWP1zTWcxoVa2P_!!6000000006715-0-yinhe.jpg,HEYSMORS/嘿膜,12.8,直降3元,3C数码配件,1
1562823,102386,【国家补贴500元】Samsung/三星 Galaxy S24全视屏新品 第三代骁龙8 AI智能游戏拍照5G手机,https://img.alicdn.com/bao/uploaded/O1CN011Vbhcl1kF7u1yehnH_!!6000000004653-0-yinhe.jpg,Samsung/三星,4149.0,补贴1850元,手机,1
1388487,90329,笔记本电源线联想华硕惠普戴尔宏基电脑适配器梅花三孔充电器电线,https://img.alicdn.com/bao/uploaded/TB1MgUXSgHqK1RjSZFkSut.WFXa.jpg,LPMOSRS/连森,5.9,,电子元器件市场,1
60788,,【官网】HONOR/荣耀X60 Pro 5G智能手机6600mAh青海湖电池绿洲护眼屏AI 抗摔防水 拍照智能官方旗舰店X50,https://img.alicdn.com/bao/uploaded/O1CN01hoObmO1FOyMPHBFIo_!!6000000000478-0-yinhe.jpg,honor/荣耀,1299.0,,手机,1
1545004,102386,本则 超吉出色一次性保鲜膜套免撕保鲜罩袋食品级家专用pe套菜袋,https://img.alicdn.com/bao/uploaded/O1CN01zGQOTG1zDUUj4b8EL_!!6000000006680-0-yinhe.jpg,超吉出色,18.9,满19减3,餐饮具,1
1560638,102386,WEDGWOOD威基伍德欢愉假日粉色2杯2碟咖啡杯礼盒情侣对杯送礼,https://img.alicdn.com/bao/uploaded/O1CN01YQo7Sp1XSmjwoUYZl_!!6000000002923-0-yinhe.jpg,Wedgwood,475.0,官方8.8折,餐饮具,1
4646,89512,一次性勺子单独包装冰淇淋布丁甜品勺子商用塑料小汤勺奶茶店专用,https://img.alicdn.com/bao/uploaded/O1CN01RnKMOU1tvZ7o1yMWQ_!!6000000005964-0-yinhe.jpg,用了么餐具餐饮服务企业店,25.0,满20减3,餐饮具,1
1251302,104460,喜碧温顿泡酒瓶酿酒玻璃空瓶子密封罐带盖葡萄红酒饮料酵素食品级,https://img.alicdn.com/bao/uploaded/O1CN01GxAeCn1aZ8zRZRaly_!!6000000003343-0-yinhe.jpg,Scybe/喜碧,59.9,,厨房/烹饪用具,1
104524,"661,705",美的电磁炉家用炒菜火锅一体全套小型电池炉灶正品官方旗舰店新款,https://img.alicdn.com/bao/uploaded/O1CN01zGgWN31jbHBlMJly6_!!6000000004566-0-yinhe.jpg,Midea/美的,118.0,补贴48元,厨房电器,1
1554183,102386,小天鹅洗烘套装小乌梅2.0小钢炮3.0超薄全嵌10KG洗衣机烘干机组合,https://img.alicdn.com/bao/uploaded/O1CN01ys8fPZ1yioEuDsTtw_!!6000000006613-0-yinhe.jpg,Littleswan/小天鹅,7999.0,补贴2500元,大家电,1
1563810,102386,【康巴赫】不粘锅炒锅304不锈钢蜂窝炒菜锅电磁炉燃气灶通用yn,https://img.alicdn.com/bao/uploaded/O1CN01esHzj61LM7YNQEUW5_!!6000000001284-0-yinhe.jpg,KBH/康巴赫,169.0,满600减431,厨房/烹饪用具,1
99309,,[小灶王]老板燃气灶煤气灶家用定时灶具E1天然气灶台官方旗舰店,https://img.alicdn.com/bao/uploaded/O1CN01jzCKdT1ZDKbjMwfNr_!!6000000003160-0-yinhe.jpg,Robam/老板,1189.0,满999减30,大家电,1
1547472,102386,Georg Jensen 乔治杰生Bernadotte 白葡萄酒杯香槟杯玻璃杯六只装,https://img.alicdn.com/bao/uploaded/O1CN016tdI8g1OQBxr1F7gb_!!6000000001699-0-yinhe.jpg,Georg Jensen,690.0,官方8.8折,餐饮具,1
104560,"661,705",美的电热水壶家用不锈钢电热保温一体烧水壶自动大容量开水壶华凌,https://img.alicdn.com/bao/uploaded/O1CN013pQkZ42723VOiYUUl_!!6000000007738-0-yinhe.jpg,Midea/美的,59.0,补贴24元,厨房电器,1
1544452,104460,女儿红绍兴黄酒精品五年陈1500ml*6坛绍兴酒半干型花雕酒,https://img.alicdn.com/bao/uploaded/O1CN015GRWRk1y1ITLXgkD2_!!6000000006518-0-yinhe.jpg,女儿红,234.0,,酒类,1
1540770,102386,小仙炖鲜炖燕窝2周套餐即食营养滋补品孕妇礼物送长辈,https://img.alicdn.com/bao/uploaded/O1CN01dItXxY1CKtxx4g75J_!!6000000000063-2-yinhe.png,小仙炖,718.0,下单立减340元,传统滋补营养品,1
1542516,102386,莱特维健益生菌胶囊活性益生元9000亿大人中老年调理肠道60粒/瓶,https://img.alicdn.com/bao/uploaded/O1CN01gGYRng1F6Bu2cT7cX_!!6000000000437-0-yinhe.jpg,莱特维健海外旗舰店,116.05,1件9.44折,保健食品/膳食营养补充食品,1
50487,61706,【B站专属】MegaRed脉拓原装进口高含量辅酶q10熬夜护心200mg90粒,https://img.alicdn.com/bao/uploaded/O1CN01P1dCyZ28kJaxWs2jS_!!6000000007970-0-yinhe.jpg,MegaRed/脉拓,289.0,满300减7,保健食品/膳食营养补充食品,1
106139,"661,704",丁禹兮代言甘源鲜虾味虾条豆果网红零食追剧办公休闲食品独立袋装,https://img.alicdn.com/bao/uploaded/i3/725677994/O1CN01MHZ3cW28vJ3qfoK0u_!!2-item_pic.png,KAM YUEN/甘源,17.8,下单立减22.1元,零食/坚果/特产,1
1539863,104460,康师傅方便面汤大师冬阴功海鲜面82g*12桶整箱装泡面速食,https://img.alicdn.com/bao/uploaded/O1CN01QOF08n1ujwgFM5BVS_!!6000000006074-0-yinhe.jpg,康师傅,60.0,,粮油调味/速食/干货/烘焙,1
1292,6,【包邮】信远斋桂花酸梅汤饮料乌梅汤解暑冰镇整箱出游口味任选,https://img.alicdn.com/bao/uploaded/O1CN01cVVkcF1MysPs2wJLn_!!6000000001504-0-yinhe.jpg,信远斋,64.9,,咖啡/麦片/冲饮,1
1536542,104460,昆仑山雪山矿泉水350ml*24瓶天然弱碱性口感清冽,https://img.alicdn.com/bao/uploaded/O1CN015fsEgs1fyOo816nfd_!!6000000004075-2-yinhe.png,昆仑山,76.0,,咖啡/麦片/冲饮,1
3781,89512,椰子水椰汁原液越南原装进口0添加正宗100%纯正天然0蔗糖佩思利官,https://img.alicdn.com/bao/uploaded/O1CN0188mpr728iU6IOPxBT_!!6000000007966-2-yinhe.png,俄罗斯进口馆RUSSupmkt俄品购,9.7,官方8.5折,咖啡/麦片/冲饮,1
31755,110046,空杯巴士|新鲜烘焙意式浓缩拼配商用咖啡豆焦糖油脂美式可磨粉1kg,https://img.alicdn.com/bao/uploaded/O1CN011dOaU41zZ19462zaE_!!6000000006727-0-yinhe.jpg,空杯巴士,96.0,官方8.5折,咖啡/麦片/冲饮,1
1237709,102386,青少年硫磺沐浴露祛痘除螨持久留香儿童沐浴乳液皮肤瘙痒正品官方,https://img.alicdn.com/bao/uploaded/O1CN012ppIOs1nXr0LAMftU_!!6000000005100-0-yinhe.jpg,ORGINESE/欧橘,68.0,直降20元,洗护清洁剂/卫生巾/纸/香薰,1
42259,,20提悬挂式纸巾宿舍实惠装面巾纸餐巾纸整箱卫生纸厨房耐用厕纸抽,https://img.alicdn.com/bao/uploaded/O1CN01qDGa5Y1JcUWwxv5om_!!6000000001049-0-yinhe.jpg,云垚（洗护）,5.01,直降4.89元,洗护清洁剂/卫生巾/纸/香薰,1
22957,102386,丝飘悬挂抽纸擦手提式家用纸巾四层实惠装厕纸挂式卫生纸餐巾纸,https://img.alicdn.com/bao/uploaded/O1CN01vx1dCD1a35EQd3BVE_!!6000000003273-0-yinhe.jpg,丝飘（洗护）,15.9,满5减3,洗护清洁剂/卫生巾/纸/香薰,1
1557778,102386,【宁艺卓同款】高洁丝透气夜安裤贴身防侧漏裤型卫生巾安睡裤,https://img.alicdn.com/bao/uploaded/O1CN01HUxEW61CAMtCnc2Uf_!!6000000000040-0-yinhe.jpg,高洁丝,27.8,下单立减21.1元,洗护清洁剂/卫生巾/纸/香薰,1
1233048,102386,【官方正品】CULTI库俐缇意大利扩香香氛无火藤条室内香薰2700ml,https://img.alicdn.com/bao/uploaded/O1CN01Atx6oH1tru0XsWrPq_!!6000000005956-2-yinhe.png,CULTI/库俐缇,4310.0,满1000减100,洗护清洁剂/卫生巾/纸/香薰,1
80173,,纸巾悬挂式抽纸厨房家用实惠底部餐巾纸擦手厕纸大包卫生纸面巾纸,https://img.alicdn.com/bao/uploaded/O1CN0151Un3C27CaupY4y6s_!!6000000007761-0-yinhe.jpg,织梦（居家日用）,13.5,官方8.5折,洗护清洁剂/卫生巾/纸/香薰,1
1260206,102386,【官方正品】CULTI库俐缇扩香无火藤条香薰室内迷雾森林礼物香氛,https://img.alicdn.com/bao/uploaded/O1CN012m4Fdx26GQUvPvTEo_!!6000000007634-0-yinhe.jpg,CULTI/库俐缇,571.0,满500减50,洗护清洁剂/卫生巾/纸/香薰,1
35813,89512,20大提56000张悬挂式抽纸家用餐巾纸实惠装擦手纸宿舍纸抽卫生纸,https://img.alicdn.com/bao/uploaded/O1CN01Oqc7BD1dthiyb7RZi_!!6000000003794-0-yinhe.jpg,云垚（洗护）,8.42,官方8.5折,洗护清洁剂/卫生巾/纸/香薰,1
2276,89512,1300张大提悬挂式抽纸卫生纸底部抽面巾纸擦手纸巾整箱实惠批,https://img.alicdn.com/bao/uploaded/O1CN01ZTkfXw1NLmXMEmvtg_!!6000000001554-2-yinhe.png,白木香,5.11,官方8.5折,洗护清洁剂/卫生巾/纸/香薰,1
42136,61305,2300张20大提悬挂纸巾抽纸家用卫生纸餐巾纸面巾纸专用厕纸整箱批,https://img.alicdn.com/bao/uploaded/O1CN01zLeIPQ22KluW2vs8p_!!6000000007102-0-yinhe.jpg,蓝猫(纸张),6.5,,洗护清洁剂/卫生巾/纸/香薰,1
108917,,COACH/蔻驰奥莱男士经典标志拉链卡包老花,https://img.alicdn.com/bao/uploaded/O1CN01ApMW041Letmp9L1WH_!!6000000001325-0-yinhe.jpg,COACH/蔻驰,560.0,,箱包皮具/热销女包/男包,1
1563697,102386,【高圆圆同款】FERRAGAMO菲拉格慕女士Ferragamo Soft-bag单肩包,https://img.alicdn.com/bao/uploaded/O1CN01N1GVwE1U3Bmw3muM8_!!6000000002461-0-yinhe.jpg,FERRAGAMO/菲拉格慕,19900.0,,箱包皮具/热销女包/男包,1
64857,,猎璞军绿色休闲裤男生夏季新款宽松纯棉工装长裤高街直筒男士裤子,https://img.alicdn.com/bao/uploaded/O1CN01uxhmpv1ScKrsHRjfj_!!6000000002267-0-yinhe.jpg,猎璞,59.9,,男装,1
1545520,80548,雅戈尔西服秋季新款男士官方商务休闲婚庆羊毛弹力西装上衣外套男,https://img.alicdn.com/bao/uploaded/O1CN019nagHb1EsucnqEb0C_!!6000000000408-0-yinhe.jpg,Youngor/雅戈尔,1311.2,1件8折,男装,1
45710,,The Blender【GIGI推荐】25夏季方领纯色带胸垫内衣女背心式套装,https://img.alicdn.com/bao/uploaded/O1CN01nQCDf71Wn6XCBn97q_!!6000000002832-0-yinhe.jpg,Theblender,148.42,1件9.8折,女士内衣/男士内衣/家居服,1
1558567,102386,BOSS博斯 男士经典款弹力羊毛混纺商务修身西服外套夹克,https://img.alicdn.com/bao/uploaded/i3/2154816055/O1CN01IXySQe1ubEzlQtHpO_!!2-item_pic.png,BOSS Hugo Boss,5200.0,,男装,1
1235847,89512,红蜻蜓男鞋2025春夏新款户外徒步登山鞋透气耐磨运动增高旅游鞋男,https://img.alicdn.com/bao/uploaded/O1CN016MvXgY24hKeJYhSFF_!!6000000007422-0-yinhe.jpg,REDDRAGONFLY/红蜻蜓,226.0,满200减10,流行男鞋,1
1563573,102386,ECCO爱步男鞋德训鞋秋 经典时尚百搭舒适小白鞋男 柔酷零点537764,https://img.alicdn.com/bao/uploaded/O1CN01befgMU23TIrpkTBIk_!!6000000007256-0-yinhe.jpg,Ecco/爱步,1639.0,满1599减120,流行男鞋,1
78544,,文胸内衣女大胸显小薄款调整收副乳软钢圈聚拢防下垂显瘦夏季薄杯,https://img.alicdn.com/bao/uploaded/O1CN01eR01RX1Ld4FSQqVqh_!!6000000001321-0-yinhe.jpg,爱黛,109.0,,女士内衣/男士内衣/家居服,1
1565495,102386,【秋季新品】MARC JACOBS/莫杰 MJ 皮革经典低帮休闲运动鞋,https://img.alicdn.com/bao/uploaded/O1CN01NRtyqV1vLVGB0Wear_!!6000000006156-2-yinhe.png,Marc Jacobs/莫杰,2550.0,,女鞋,1
26088,110046,政府补贴15%|梦百合0压深睡枕pro记忆棉枕头护颈椎助睡眠专用枕芯,https://img.alicdn.com/bao/uploaded/O1CN01EwJXDQ1kdOtAlLtu0_!!6000000004706-0-yinhe.jpg,梦百合,268.0,补贴200元,床上用品,1
82190,,金宁防火阻燃地毯b1级商用灰色红色舞台酒店办公室工地检测过消防,https://img.alicdn.com/bao/uploaded/i4/2207395276106/O1CN018n86cd1uybFMXWPIg_!!2-item_pic.png,金宁（居家布艺）,5.5,满8减3,居家布艺,1
28427,"6,110,046",踩屎感拖鞋男士夏防臭室内家居静音浴室洗澡防滑居家用eva凉拖女,https://img.alicdn.com/bao/uploaded/O1CN011aNNrh20zrzXaNJoh_!!6000000006921-0-yinhe.jpg,TZLDN/利达妮（居家布艺）,25.4,官方8.5折,居家布艺,1
105660,6,水星家纺全棉四件套纯棉印花套件田园风被套床单家用床品25年新品,https://img.alicdn.com/bao/uploaded/O1CN014k7Nvy1hR5Q2CqOpN_!!6000000004273-0-yinhe.jpg,水星,259.36,1件8.5折,床上用品,1
21482,102386,HarborHouse美式家居花瓶摆件陶瓷轻奢高级法式插花复古Enakei,https://img.alicdn.com/bao/uploaded/O1CN01jj7LoA1xFf6Yhubnn_!!6000000006414-0-yinhe.jpg,Harbor House,181.6,1件9.5折,家居饰品,1
108871,,超越同款水星家纺第5代雪糕被夏凉被婴幼儿A类可水洗可机洗空调被,https://img.alicdn.com/bao/uploaded/O1CN015oZ2EH1Ot2uSWbTG8_!!6000000001762-0-yinhe.jpg,水星,319.0,下单立减200元,床上用品,1
82741,,哑朵同款记忆棉枕头护颈椎助睡眠枕芯成人零压深睡家用一对装,https://img.alicdn.com/bao/uploaded/O1CN01WyKu6a1gRFwwEWNlS_!!6000000004138-0-yinhe.jpg,九洲鹿,31.6,满49减10,床上用品,1
35166,"6,110,046",洁丽雅一次性浴巾男女加厚旅行便携装酒店家用压缩大毛巾旅游用品,https://img.alicdn.com/bao/uploaded/O1CN01xTF7xl1bvPiE7wNHb_!!6000000003527-0-yinhe.jpg,grace/洁丽雅,13.5,官方8.5折,居家布艺,1
7059,89512,零压深睡慢回弹记忆棉枕头护颈椎助睡眠专用酒店同款枕芯侧睡整头,https://img.alicdn.com/bao/uploaded/O1CN01a84FwY1JSsAKHrw1f_!!6000000001028-0-yinhe.jpg,伊心爱,45.0,,床上用品,1
1542375,102386,多喜爱学生宿舍全棉三件套床单被套被子床垫全套六件套90单人床,https://img.alicdn.com/bao/uploaded/i2/114141735/O1CN01J5lsEk1Ogg1xmTVA4_!!2-item_pic.png,多喜爱,389.0,满69减10,床上用品,1
1542395,102386,全友家居轻奢现代简约小户型客厅长方形岩板餐桌椅2025新款家用,https://img.alicdn.com/bao/uploaded/O1CN01UOtHlB1aLrPw2D1h9_!!6000000003314-0-yinhe.jpg,QuanU/全友,479.0,1件8.5折,住宅家具,1
79467,,全友家居企鹅·摇摇单人椅子客厅阳台小户型休闲布艺懒人小沙发,https://img.alicdn.com/bao/uploaded/O1CN01Xgf40z1uN2uXx2QZx_!!6000000006024-0-yinhe.jpg,QuanU/全友,1099.0,1件7折,住宅家具,1
96544,,全友家居现代简约实木脚儿童软包床小户型卧室1米5男女小孩单人床,https://img.alicdn.com/bao/uploaded/O1CN01CvObwi1Kk6fPIkjvU_!!6000000001201-0-yinhe.jpg,QuanU/全友,1099.0,1件8.9折,住宅家具,1
1240009,89512,开放式衣柜家用卧室衣帽架儿童落地简易衣架置物架出租房角钢货架,https://img.alicdn.com/bao/uploaded/O1CN01vMDNdv1EeiMpkJcoh_!!6000000000377-0-yinhe.jpg,美丽港,361.68,1件6折,住宅家具,1
106320,,全友家居2025新款奶油风储物床1米8卧室双人床家具简约1米5单人床,https://img.alicdn.com/bao/uploaded/O1CN01fwOFgr1nFzTozx4KL_!!6000000005061-0-yinhe.jpg,QuanU/全友,599.0,1件8.9折,住宅家具,1
29638,102386,全友家居席梦思弹簧床垫厚20cm硬垫卧室家用护脊椰棕床垫乳胶床垫,https://img.alicdn.com/bao/uploaded/O1CN01TeQksL2A15erJ8G5K_!!6000000008142-0-yinhe.jpg,QuanU/全友,499.0,1件8.9折,住宅家具,1
1258795,89512,全友家居现代简约云朵单人布艺沙发椅新款客厅卧室复古绿色沙发,https://img.alicdn.com/bao/uploaded/O1CN01vgrmiy1M0smpbhQob_!!6000000001373-0-yinhe.jpg,QuanU/全友,969.0,1件8.5折,住宅家具,1
43185,,防蚊纱门推拉式家用铝合金隐形沙门折叠伸缩纱网入户门免打孔门帘,https://img.alicdn.com/bao/uploaded/O1CN01V5jQ0P1fV5exUJsUN_!!6000000004011-0-yinhe.jpg,月欣佳,100.0,,全屋定制,1
109225,6,政府补贴全友家居简约现代布艺沙发客厅2025新款科技布贵妃位沙发,https://img.alicdn.com/bao/uploaded/O1CN01E3DCW91xFCjl4Qy4I_!!6000000006413-0-yinhe.jpg,QuanU/全友,2599.0,1件8.9折,住宅家具,1
41384,,防火门厂家直销钢制甲级乙级消防安全防火门钢质不锈钢定制防盗门,https://img.alicdn.com/bao/uploaded/O1CN01Z2RQPi1SwU90ZI7mj_!!6000000002311-0-yinhe.jpg,三炫,467.0,官方8.5折,全屋定制,1
103624,,KAILAS凯乐石软壳裤男款CORDURA防风保暖轻量耐磨户外登山徒步裤,https://img.alicdn.com/bao/uploaded/O1CN01uchtq91tFt84aShIl_!!6000000005873-0-yinhe.jpg,Kailas/凯乐石,660.0,官方立减110元,户外/登山/野营/旅行用品,1
78596,,ECCO×白山联名胶囊系列 25新简约潮流户外短袖T恤男款EW251T005,https://img.alicdn.com/bao/uploaded/O1CN01Qz8vJc1FD443Py32I_!!6000000000452-0-yinhe.jpg,Ecco/爱步,888.0,,户外/登山/野营/旅行用品,1
4458,89512,GRC桀骜无尽男士轻量化机能骑行服马甲春夏季上衣防风自行车公路,https://img.alicdn.com/bao/uploaded/O1CN01yruNQa26tMAkTROoU_!!6000000007719-0-yinhe.jpg,GRC（服饰）,205.0,满51减50,自行车/骑行装备/零配件,1
109119,,迪卡侬MH900登山包25升大容量旅行轻便户外徒步背包双肩包ODAB,https://img.alicdn.com/bao/uploaded/O1CN01neGdDO1safNOBlN01_!!6000000005783-0-yinhe.jpg,Decathlon/迪卡侬,529.9,补贴70元,运动包/户外包/配件,1
101721,,ROSSIGNOL金鸡女士道内竞技双板滑雪板SIGNATURE VICTOIRE 25新品,https://img.alicdn.com/bao/uploaded/O1CN010pS1Hf1uWfDWpYV13_!!6000000006045-0-yinhe.jpg,ROSSIGNOL/金鸡,7000.0,1件8.5折,户外/登山/野营/旅行用品,1
1243864,89512,丹尼富CR425电池电子浮漂夜钓夜光漂电池鱼漂电子夜钓专用鱼浮标,https://img.alicdn.com/bao/uploaded/O1CN01ZzlfYL1gbKgoq7uGF_!!6000000004160-0-yinhe.jpg,丹尼富,2.48,满2减1,户外/登山/野营/旅行用品,1
906,,迈克补胎胶水内胎专用强力修补摩托电动车山地自行车维修冷补胶片,https://img.alicdn.com/bao/uploaded/O1CN01qs15yS1UXryTgaPC7_!!6000000002528-0-yinhe.jpg,THUMBS UP,2.47,,自行车/骑行装备/零配件,1
77439,6,迪卡侬官方旗舰店儿童自行车单车14寸男孩女孩2-4岁平衡小童OVBK,https://img.alicdn.com/bao/uploaded/O1CN01X0vN7q1sweVzLoXXt_!!6000000005831-0-yinhe.jpg,Decathlon/迪卡侬,599.9,,自行车/骑行装备/零配件,1
36234,89512,达恩2025新款春夏双箭头连体骑行服防晒冰感长袖上衣自行车装备服,https://img.alicdn.com/bao/uploaded/O1CN01PCMktx1CJzDQmPByg_!!6000000000061-0-yinhe.jpg,DONEN,509.0,官方8.5折,自行车/骑行装备/零配件,1
97024,,麦瑞克跑步机家用折叠静音坡度新款大型室内商用器材健身房幻影X7,https://img.alicdn.com/bao/uploaded/O1CN01SbuPhs1WmBv0T71ry_!!6000000002830-0-yinhe.jpg,MERACH/麦瑞克,3899.0,满1899减500,运动/瑜伽/健身/球迷用品,1
73872,,多特倍斯金达威泛醇辅酶coq10氧化型美国原装进口备孕夫妻同补,https://img.alicdn.com/bao/uploaded/O1CN01ww1UoZ1XQUl7ODQ2b_!!6000000002918-0-yinhe.jpg,Doctor's Best,299.0,限时优惠160元,孕妇装/孕产妇用品/营养,1
106309,,babycare纸尿裤日用Airpro婴儿超薄款透气夏日男宝宝女尿不湿尿片,https://img.alicdn.com/bao/uploaded/O1CN01fsHRgZ1Ephr2NBtwB_!!6000000000401-0-yinhe.jpg,bc babycare,79.0,补贴49元,婴童尿裤,1
20758,102386,君乐宝奶粉恬适小分子蛋白3段12-36个月幼儿配方牛奶粉800g*1罐,https://img.alicdn.com/bao/uploaded/O1CN01z4gFkC1R3hJFBv5Pk_!!6000000002056-0-yinhe.jpg,君乐宝,199.0,1件减101元,奶粉/辅食/营养品/零食,1
1246735,89512,巴拉巴拉balaOne童装儿童打底裤女童2025秋冬装新款加绒长裤耐磨,https://img.alicdn.com/bao/uploaded/O1CN01eoKx4q1eAC0IRpP88_!!6000000003830-0-yinhe.jpg,巴拉巴拉,119.0,,童装/婴儿装/亲子装,1
29421,102386,卡布星空城堡拉拉裤试用装超薄透气纸尿裤体验装婴儿宝宝尿不布湿,https://img.alicdn.com/bao/uploaded/O1CN01elXo8f1Eb3CfN4Gz2_!!6000000000369-0-yinhe.jpg,卡布（母婴）,3.99,直降21.51元,婴童尿裤,1
65549,6,【618立即抢购】babycare皇室pro裸感纸尿裤新生儿宝宝尿不湿4包,https://img.alicdn.com/bao/uploaded/O1CN01zIVFRV1y95IXC8KIE_!!6000000006535-0-yinhe.jpg,bc babycare,812.0,,婴童尿裤,1
63189,,爽然洗脸巾一次性绵柔洁面巾干湿两用新生婴儿擦脸巾家庭实惠装,https://img.alicdn.com/bao/uploaded/O1CN017riCnO26VXfnvPAtZ_!!6000000007667-0-yinhe.jpg,爽然,21.9,直降1元,婴童用品,1
22676,102386,Babycare新生儿婴儿宝宝枕头定型枕,https://img.alicdn.com/bao/uploaded/O1CN01B4pqxD1Lbh2zAbnWE_!!6000000001318-0-yinhe.jpg,bc babycare,249.0,官方立减60元,婴童用品,1
104043,,爱他美德国白金版2段*3德爱白金二段婴幼儿宝宝营养奶粉官方正品,https://img.alicdn.com/bao/uploaded/O1CN01mQXLw922wmljus8a9_!!6000000007185-0-yinhe.jpg,aptamil/爱他美,639.0,1件8.8折,奶粉/辅食/营养品/零食,1
73109,,【M码】十月结晶婴幼儿棉柔巾加大尺寸干湿两用擦洗脸巾100抽*6包,https://img.alicdn.com/bao/uploaded/O1CN01vcKwLU1Gepc2paAP2_!!6000000000648-0-yinhe.jpg,十月结晶,84.0,,婴童用品,1
75369,,医用非卫生巾姨妈巾产妇科护垫械字号无菌月经期护理垫官方旗舰店,https://img.alicdn.com/bao/uploaded/O1CN01nFimfU1U0tmLfThjg_!!6000000002456-0-yinhe.jpg,阿里健康大药房,22.8,,医疗器械,1
107874,,医艾康美年大健康瑞慈体检套餐成人深度男女士全身中老年体检,https://img.alicdn.com/bao/uploaded/O1CN01YbN5Lc1JjoWVz6QiJ_!!6000000001065-0-yinhe.jpg,医艾康,249.0,满1089减690,体检/医疗保障卡,1
312056,6,蔓迪米诺地尔酊男女性防脱生发液增发密发育发正品搭上药器洗发水,https://img.alicdn.com/bao/uploaded/O1CN01KAoCAD1JnwKpMPbu9_!!6000000001074-0-yinhe.jpg,蔓迪,77.3,,OTC药品/国际医药,1
66944,,蓓悦莘医用妇科护垫非卫生巾姨妈巾护理垫女性经期产妇纯棉无菌,https://img.alicdn.com/bao/uploaded/O1CN01CafI1523Ilj7n6OdB_!!6000000007233-0-yinhe.jpg,蓓悦莘,11.8,,医疗器械,1
110209,,美年大健康粉红佳人体检06TMMN00体检套餐女士妇科检查HPV筛查,https://img.alicdn.com/bao/uploaded/i1/1765329839/O1CN01NIC3Lc2MYJoDIfg01_!!2-item_pic.png,美年大健康,1154.43,1件7.72折,体检/医疗保障卡,1
1248155,89512,光专嘉308光疗仪白癜风家用308nm准分子激光治疗仪紫外线灯医用,https://img.alicdn.com/bao/uploaded/O1CN01I3fnAt1ICYOgfMEJT_!!6000000000857-0-yinhe.jpg,光专嘉,540.0,补贴60元,医疗器械,1
1248646,89512,爱蓓泽医用级非卫生巾械字号护理垫医护垫巾姨妈巾官方旗舰店正品,https://img.alicdn.com/bao/uploaded/O1CN01nz7kai1IGDc8KAfPV_!!6000000000865-0-yinhe.jpg,爱蓓泽,6.9,,医疗器械,1
1248894,89512,【66元7件】奥美医疗医用级裤型非卫生巾安睡裤安心裤经期裤灭菌,https://img.alicdn.com/bao/uploaded/O1CN01owNACt1ZYqsriv4V5_!!6000000003207-0-yinhe.jpg,奥美（药品）,14.4,补贴1.6元,医疗器械,1
13714,110046,Rogaine/培健落健%米诺地尔生发液女性增发泡沫剂官方旗舰店正品,https://img.alicdn.com/bao/uploaded/O1CN01VhhH1Y1xnYSzcHdWF_!!6000000006488-0-yinhe.jpg,Rogaine/培健,369.0,满540减90,OTC药品/国际医药,1
104452,,可复美控痘小绿膜净痘焕肤油痘肌面膜5片/盒,https://img.alicdn.com/bao/uploaded/O1CN01jroEjh29mR7bnf7Oo_!!6000000008110-0-yinhe.jpg,可复美,118.0,官方立减25元,保健用品,1
110137,,【政府补贴15%】松下卷发棒直发梳直卷两用美发器不伤发蛋卷棒,https://img.alicdn.com/bao/uploaded/O1CN01IQLqkT26P88vLzHmJ_!!6000000007653-0-yinhe.jpg,Panasonic/松下,129.0,下单立减370元,个人护理/保健/按摩器材,1
1236353,102386,377水乳套装美白提亮去黄祛斑化妆护肤品保湿补水官方旗舰店正品,https://img.alicdn.com/bao/uploaded/O1CN01wXnLnF1dsKUA4LjKX_!!6000000003791-0-yinhe.jpg,水木花草,59.0,直降10元,美容护肤/美体/精油,1
1558964,85707,曼秀雷敦痘痘贴acnes乐肤洁祛痘贴遮瑕隔离抗痘隐形日夜修护痘印,https://img.alicdn.com/bao/uploaded/O1CN01AuU86u1FbnJ0H4Py3_!!6000000000506-0-yinhe.jpg,Mentholatum/曼秀雷敦,49.0,补贴8.7元,美容护肤/美体/精油,1
110727,"1,002",【618直播间补贴】父亲节礼物高夫恒润保湿礼盒男士护肤品套装,https://img.alicdn.com/bao/uploaded/O1CN017Fh1ao1tohFqDEFun_!!6000000005949-0-yinhe.jpg,gf/高夫,176.0,满223减13,美容护肤/美体/精油,1
1249230,89512,小气泡注氧仪配件喷枪美容仪器配件综合水氧仪喷氧枪水氧玻璃瓶子,https://img.alicdn.com/bao/uploaded/TB19470RUY1gK0jSZFMXXaWcVXa.jpg,科之茵,8.5,,美容美体仪器,1
716,,纹绣韩式半永久 标准量眉尺 纹绣定位尺 纹眉毛左右匀称 纹绣眉尺,https://img.alicdn.com/bao/uploaded/O1CN01Ha4kRh1ZBx6FVLcvq_!!6000000003157-0-yinhe.jpg,港雅,4.03,,彩妆/香水/美妆工具,1
100077,,【专享】爱尔康傲滴恒润隐形眼镜护理液美瞳透明片清洗液药水杀菌,https://img.alicdn.com/bao/uploaded/O1CN01ytn31c1hqH3riWYGB_!!6000000004328-0-yinhe.jpg,爱尔康,33.52,1件9.48折,隐形眼镜/护理液,1
1562951,102386,The Ordinary研度公式2%透明质酸+B5精华补水保湿紧致滋润敏感肌,https://img.alicdn.com/bao/uploaded/O1CN01l5Tf6X1voMCfyJXVP_!!6000000006219-0-yinhe.jpg,The Ordinary/研度公式,86.0,,美容护肤/美体/精油,1
95522,,【檀健次推荐】华伦天奴香水冒险小姐持久淡香大牌正品生日礼物,https://img.alicdn.com/bao/uploaded/O1CN012b5xco1IMAnpnJRsJ_!!6000000000878-0-yinhe.jpg,Valentino/华伦天奴,830.0,,彩妆/香水/美妆工具,1
1236858,104460,Ponds/旁氏米粹润泽保湿氨基酸洁面泡泡160ml*1瓶补水保湿洗面奶,https://img.alicdn.com/bao/uploaded/O1CN01B23fyh1zd8lz8LQZ4_!!6000000006736-0-yinhe.jpg,Ponds/旁氏,54.9,,美容护肤/美体/精油,1
1242548,89512,中国积木动漫系列暗影刺客伍陆柒小人偶积木五六七魔千刃拼装玩具,https://img.alicdn.com/bao/uploaded/O1CN01G21SI41sfFQYZHtdE_!!6000000005793-0-yinhe.jpg,Think World 积木玩具店,8.5,满3减1,玩具/童车/益智/积木/模型,1
1248606,89512,贝乐迪蜡笔小新积木拼图正版联名益智拼装儿童diy小颗粒女孩礼物,https://img.alicdn.com/bao/uploaded/O1CN01aTQnfV1zKMiQYZSka_!!6000000006695-0-yinhe.jpg,BALODY/贝乐迪,39.0,,玩具/童车/益智/积木/模型,1
83012,,龙宝抓周用品一周岁布置背景墙挂布场景装饰男女孩生日氛围道具,https://img.alicdn.com/bao/uploaded/O1CN01lIBlGM1iyLnnL3QqD_!!6000000004481-0-yinhe.jpg,仕彩,19.8,,玩具/童车/益智/积木/模型,1
83247,,布鲁可黄金圣斗士星矢拼装积木人手办超越版天蝎座米罗男孩模型,https://img.alicdn.com/bao/uploaded/O1CN01NHJjKu1BwcymrHQun_!!6000000000010-0-yinhe.jpg,布鲁可,79.15,1件9.5折,玩具/童车/益智/积木/模型,1
1254795,89512,潦草小狗巧克力蛋糕装饰摆件立体黄油小熊小猪兔生日蛋糕烘培插件,https://img.alicdn.com/bao/uploaded/O1CN01CSYnt21hh7JxVw62Y_!!6000000004308-0-yinhe.jpg,小淘气烘培装饰,23.89,,节庆用品/礼品,1
1408591,89512,周岁宝宝聪明门出租抓周礼过葱门仪式感道具木质架子,https://img.alicdn.com/bao/uploaded/O1CN016xYpao27QKfCrnrkW_!!6000000007791-0-yinhe.jpg,400,29.5,,玩具/童车/益智/积木/模型,1
1548621,102386,意大利画画儿童涂色三岁绘画启蒙涂填充画动物涂色书幼儿园图画本,https://img.alicdn.com/bao/uploaded/O1CN01SxnDvo1LsBE2DnpED_!!6000000001354-0-yinhe.jpg,Paperfox/纸贵满堂,12.5,满19减5,玩具/童车/益智/积木/模型,1
1233268,80548,神马先生智能数独小学生六宫格电子益智思维训练数字游戏玩具,https://img.alicdn.com/bao/uploaded/O1CN01ryhZi11duA4V08Q1c_!!6000000003795-0-yinhe.jpg,神马先生,89.0,满150减80,玩具/童车/益智/积木/模型,1
1242299,89512,之后牌/后续塔罗牌（现）英文版韦特教程桌布桌游卡牌维特正版,https://img.alicdn.com/bao/uploaded/i3/2208036514644/O1CN01tBaOVT1kB068DU8bS_!!2-item_pic.png,经典塔罗,129.0,,模玩/动漫/周边/娃圈三坑/桌游,1
1234534,102386,Luka卢卡go点读笔幼儿早教 点读机幼儿小孩早教识字启蒙有声阅读,https://img.alicdn.com/bao/uploaded/O1CN01vIuOur1sPfvLvGphH_!!6000000005759-0-yinhe.jpg,卢卡（母婴）,338.0,满300减50,玩具/童车/益智/积木/模型,1
1547553,102386,【临期特惠】Instinct天然百利无谷系列鸡肉幼猫粮囤货9磅/4kg,https://img.alicdn.com/bao/uploaded/O1CN01OySrHm1cisd00bryy_!!6000000003635-0-yinhe.jpg,INSTINCT/天然百利,282.0,满150减30,宠物/宠物食品及用品,1
51896,6,汪爸爸狗粮通用型泰迪柯基金毛比熊小型幼犬成犬旗舰店官方正品,https://img.alicdn.com/bao/uploaded/O1CN01sXatZq1ok2r7Pk2Gf_!!6000000005262-0-yinhe.jpg,汪爸爸,42.5,官方8.5折,宠物/宠物食品及用品,1
77689,,宠物除臭剂猫尿狗尿生物酶分解剂杀菌去尿味生喷雾猫咪除味剂神器,https://img.alicdn.com/bao/uploaded/O1CN01n3q9u41eEJXmCEDl0_!!6000000003839-0-yinhe.jpg,hipidog/嬉皮狗,29.9,,宠物/宠物食品及用品,1
1234460,102386,派得猫粮成猫幼猫通用10kg全价营养鲜肉流浪猫蓝猫布偶专用20斤装,https://img.alicdn.com/bao/uploaded/O1CN01yehXoF1lOZWQdffHS_!!6000000004809-0-yinhe.jpg,prominent/派得,125.0,满160减63,宠物/宠物食品及用品,1
1548600,102386,好主人比熊专用犬粮幼犬狗粮成犬小型犬奶糕泪痕3斤,https://img.alicdn.com/bao/uploaded/O1CN01l36vJU1Mw8GwL6WeO_!!6000000001498-0-yinhe.jpg,care/好主人,29.0,直降27元,宠物/宠物食品及用品,1
1556883,102386,海洋之星冻干双拼专用狗粮成犬幼犬粮小型犬全价1.8kg益生菌狗粮,https://img.alicdn.com/bao/uploaded/O1CN01soA33H1ZUHAwyf2Gr_!!6000000003197-0-yinhe.jpg,海洋之星,79.0,补贴40元,宠物/宠物食品及用品,1
1246675,102386,【秒杀】网易天成安心食猫罐头营养增肥猫零食猫咪零食罐网易严选,https://img.alicdn.com/bao/uploaded/O1CN01qGObyh22OR2mktBHm_!!6000000007110-0-yinhe.jpg,网易天成旗舰店,9.9,直降18元,宠物/宠物食品及用品,1
1561150,102386,BFUN木薯猫砂450G*2共1.8斤强吸水无尘不粘底猫沙幼猫秒结团包邮,https://img.alicdn.com/bao/uploaded/O1CN01z2c6mg1tRnRpRNoLF_!!6000000005899-0-yinhe.jpg,BFUN,7.8,满9减2,宠物/宠物食品及用品,1
1545978,102386,Unite Clean猫砂天然纳基矿砂低尘强结团包裹不粘底原矿石猫沙,https://img.alicdn.com/bao/uploaded/O1CN01RVDqEx1tGLYYu5RlL_!!6000000005874-0-yinhe.jpg,Unite Clean,10.9,满24减14,宠物/宠物食品及用品,1
1549414,102386,牧野奇迹鲜肉烘焙犬粮鸡肉鸭肉1.5kg全价比熊柴犬中小型狗粮金毛,https://img.alicdn.com/bao/uploaded/O1CN01apCDVW1xW9adxRHYB_!!6000000006450-0-yinhe.jpg,FURRY WONDER/牧野奇迹,89.0,满150减43,宠物/宠物食品及用品,1
